E_eV,Dit_cm2eV
-1.2,0.13911139093266456
-1.199,0.15118443133800685
-1.198,0.16428260255314941
-1.197,0.1784909457733691
-1.196,0.1939013833523673
-1.195,0.21061326088046897
-1.194,0.22873393074638396
-1.193,0.24837938025830217
-1.192,0.26967490762047247
-1.191,0.29275584929672815
-1.19,0.3177683625441461
-1.189,0.3448702671687476
-1.188,0.37423195084246874
-1.187,0.4060373426272574
-1.186,0.44048495967998785
-1.185,0.4777890324612945
-1.184,0.5181807141454144
-1.183,0.5619093803260162
-1.182,0.6092440255390728
-1.181,0.6604747635768996
-1.18,0.7159144390524158
-1.179,0.7759003581881774
-1.178,0.840796147356323
-1.177,0.9109937484815974
-1.176,0.9869155610466722
-1.175,1.0690167411046658
-1.174,1.15778766841587
-1.173,1.2537565935818313
-1.172,1.3574924778574455
-1.171,1.4696080391802262
-1.17,1.5907630188712818
-1.169,1.72166768443583
-1.168,1.8630865849285363
-1.167,2.0158425764513646
-1.166,2.180821136526636
-1.165,2.358974987335636
-1.164,2.5513290491429097
-1.163,2.7589857466375003
-1.162,2.9831306924263328
-1.161,3.225038773509093
-1.16,3.4860806682644503
-1.159,3.767729823276817
-1.158,4.071569921253616
-1.157,4.399302873313084
-1.156,4.752757371090149
-1.155,5.1338980363971345
-1.154,5.544835208619382
-1.153,5.98783541260583
-1.152,6.465332552566936
-1.151,6.979939880397236
-1.15,7.534462789938043
-1.149,8.131912491965405
-1.148,8.775520628170112
-1.147,9.468754886076953
-1.146,10.215335680760328
-1.145,11.019253973348786
-1.144,11.884790300703314
-1.143,12.816535095294824
-1.142,13.819410379236741
-1.141,14.89869292163315
-1.14,16.060038953931926
-1.139,17.309510543805487
-1.138,18.653603734278615
-1.137,20.09927856135047
-1.136,21.653991070304173
-1.135,23.325727458193892
-1.134,25.12304047777606
-1.133,27.055088246307296
-1.132,29.131675611325775
-1.131,31.363298234646116
-1.13,33.7611895655062
-1.129,36.33737088398271
-1.128,39.10470460662382
-1.127,42.07695105760186
-1.126,45.26882892077043
-1.125,48.696079600668305
-1.1239999999999999,52.375535733961755
-1.123,56.325194106934916
-1.1219999999999999,60.56429324959476
-1.121,65.1133959926753
-1.1199999999999999,69.99447729046712
-1.119,75.23101762986802
-1.1179999999999999,80.84810236455552
-1.117,86.87252733259042
-1.1159999999999999,93.33291113630744
-1.115,100.2598144848978
-1.1139999999999999,107.68586702290055
-1.113,115.6459020916927
-1.1119999999999999,124.17709989639843
-1.111,133.31913957706576
-1.1099999999999999,143.11436071103984
-1.109,153.60793480271465
-1.1079999999999999,164.84804734794443
-1.107,176.88609109273597
-1.1059999999999999,189.77687114027324
-1.105,203.57882259604358
-1.1039999999999999,218.35424147889785
-1.103,234.16952966533785
-1.1019999999999999,251.0954546763221
-1.101,269.2074251594745
-1.0999999999999999,288.5857829658361
-1.099,309.3161127684646
-1.0979999999999999,331.4895702210819
-1.097,355.20322970809
-1.0959999999999999,380.56045279328436
-1.095,407.6712785330841
-1.0939999999999999,436.65283688173156
-1.093,467.62978648019964
-1.0919999999999999,500.73477818834596
-1.091,536.1089457904162
-1.0899999999999999,573.9024253786168
-1.089,614.27490499667
-1.0879999999999999,657.3962062074485
-1.087,703.4468993332507
-1.0859999999999999,752.618954207409
-1.085,805.1164283685313
-1.0839999999999999,861.1561947273652
-1.083,920.9687108376462
-1.0819999999999999,984.7988320102899
-1.081,1052.9066706211772
-1.08,1125.568504080845
-1.079,1203.077734055634
-1.0779999999999998,1285.745899658452
-1.077,1373.9037474604004
-1.076,1467.902361314071
-1.075,1568.1143551247837
-1.0739999999999998,1674.9351318582067
-1.073,1788.7842122314698
-1.072,1910.106636700356
-1.071,2039.3744445276247
-1.0699999999999998,2177.0882338979995
-1.069,2323.778807233134
-1.068,2480.0089060554064
-1.067,2646.3750399533774
-1.0659999999999998,2823.5094144146133
-1.065,3012.081962512974
-1.064,3212.802485667862
-1.063,3426.4229089328664
-1.0619999999999998,3653.739656521508
-1.061,3895.5961535376687
-1.06,4152.885460148819
-1.059,4426.553044720881
-1.0579999999999998,4717.599702726899
-1.057,5027.084628545499
-1.056,5356.128647580906
-1.055,5705.917616464198
-1.054,6077.705999437004
-1.053,6472.820629373402
-1.052,6892.6646622608105
-1.051,7338.721734345929
-1.05,7812.560331542685
-1.049,8315.838381114938
-1.048,8850.308076065929
-1.047,9417.820943114753
-1.046,10020.33316558925
-1.045,10659.911173046436
-1.044,11338.737509913988
-1.043,12059.116995962026
-1.042,12823.483191931799
-1.041,13634.40518420056
-1.04,14494.594702915047
-1.039,15406.913588617797
-1.038,16374.381622981313
-1.037,17400.18473989822
-1.036,18487.68363380509
-1.035,19640.422782794998
-1.034,20862.139904743068
-1.033,22156.775865392636
-1.032,23528.48505806239
-1.031,24981.646275403626
-1.03,26520.874094395356
-1.029,28151.030796582905
-1.028,29877.238846369804
-1.027,31704.8939510419
-1.026,33639.67872705531
-1.025,35687.576998041506
-1.024,37854.88875088355
-1.023,40148.24577719778
-1.022,42574.628028501735
-1.021,45141.3807143893
-1.02,47856.23217403276
-1.019,50727.31255242808
-1.018,53763.17331385184
-1.017,56972.80762615648
-1.016,60365.671650634824
-1.015,63951.70677340564
-1.014,67741.36281542924
-1.013,71745.62225954724
-1.012,75976.02553415266
-1.011,80444.69739444584
-1.01,85164.37444349495
-1.009,90148.43383673816
-1.008,95410.92321488519
-1.007,100966.59191164945
-1.006,106830.92348412605
-1.005,113020.16961516933
-1.004,119551.38543855326
-1.003,126442.46633931257
-1.002,133712.18628313584
-1.001,141380.23773036562
-1.0,149467.27319167924
-0.9989999999999999,157994.94848428285
-0.998,166985.96774900405
-0.9969999999999999,176464.13029049366
-0.996,186454.37930435737
-0.9949999999999999,196982.85255690425
-0.994,208076.93508486258
-0.9929999999999999,219765.31398433982
-0.992,232078.03535999503
-0.991,245046.56350737688
-0.99,258703.84240312024
-0.989,273084.35957968235
-0.988,288224.2124631436
-0.987,304161.1772545542
-0.986,320934.78043722385
-0.985,338586.37299431884
-0.984,357159.2074230871
-0.983,376698.5176340091
-0.982,397251.6018251476
-0.981,418867.90842396894
-0.98,441599.12519088364
-0.979,465499.27158076817
-0.978,490624.7944606936
-0.977,517034.6672841075
-0.976,544790.4928236607
-0.975,573956.6095668892
-0.974,604600.2018808656
-0.973,636791.4140539273
-0.972,670603.4683244827
-0.971,706112.7870088278
-0.97,743399.1188417426
-0.969,782545.6696455254
-0.968,823639.2374449236
-0.967,866770.3521471635
-0.966,912033.4199080747
-0.965,959526.8723069412
-0.964,1009353.3204543536
-0.963,1061619.7141589667
-0.962,1116437.506280505
-0.961,1173922.8223978644
-0.96,1234196.6359225556
-0.959,1297384.9487889616
-0.958,1363618.9778542065
-0.957,1433035.3471414626
-0.956,1505776.2860616741
-0.955,1581989.83374948
-0.954,1661830.0496501005
-0.953,1745457.2304945204
-0.952,1833038.1338010575
-0.951,1924746.2080417208
-0.95,2020761.8296122197
-0.949,2121272.546744604
-0.948,2226473.3305016644
-0.947,2336566.8329919525
-0.946,2451763.6529441793
-0.945,2572282.6087792395
-0.944,2698351.0193174174
-0.943,2830204.9922576565
-0.942,2968089.7205646974
-0.941,3112259.7868986046
-0.94,3262979.476220029
-0.939,3420523.096702583
-0.938,3585175.309082077
-0.9369999999999999,3757231.4645702164
-0.9359999999999999,3936997.9514578846
-0.9349999999999999,4124792.550530682
-0.9339999999999999,4320944.799416388
-0.9329999999999999,4525796.365980968
-0.9319999999999999,4739701.430886199
-0.9309999999999999,4963027.079418375
-0.9299999999999999,5196153.702693464
-0.9289999999999999,5439475.408339677
-0.9279999999999999,5693400.440754011
-0.9269999999999999,5958351.611023962
-0.9259999999999999,6234766.73660057
-0.9249999999999999,6523099.090803223
-0.9239999999999999,6823817.862230522
-0.9229999999999999,7137408.6241452005
-0.9219999999999999,7464373.813894337
-0.9209999999999999,7805233.222418834
-0.9199999999999999,8160524.493898793
-0.9189999999999999,8530803.63557325
-0.9179999999999999,8916645.537764527
-0.9169999999999999,9318644.504128683
-0.9159999999999999,9737414.792144412
-0.9149999999999999,10173591.163842835
-0.9139999999999999,10627829.446770977
-0.9129999999999999,11100807.10517101
-0.9119999999999999,11593223.821346326
-0.911,12105802.087174203
-0.9099999999999999,12639287.805713322
-0.909,13194450.902840402
-0.9079999999999999,13772085.94884105
-0.907,14373012.789861044
-0.9059999999999999,14998077.189117348
-0.905,15648151.477746153
-0.9039999999999999,16324135.215159224
-0.903,17026955.858754966
-0.9019999999999999,17757569.4428248
-0.901,18516961.26646935
-0.8999999999999999,19306146.590332314
-0.899,20126171.341931958
-0.8979999999999999,20978112.82936363
-0.897,21863080.463117145
-0.8959999999999999,22782216.485745702
-0.895,23736696.709091786
-0.8939999999999999,24727731.25876848
-0.893,25756565.325561196
-0.8919999999999999,26824479.923408136
-0.891,27932792.653581966
-0.8899999999999999,29082858.474688917
-0.889,30276070.478064053
-0.8879999999999999,31513860.66813437
-0.887,32797700.747282974
-0.8859999999999999,34129102.90474044
-0.885,35509620.60898861
-0.8839999999999999,36940849.4031557
-0.883,38424427.702839285
-0.8819999999999999,39962037.59578669
-0.881,41555405.64281838
-0.8799999999999999,43206303.679375075
-0.879,44916549.61702089
-0.8779999999999999,46688008.24423161
-0.877,48522592.02574862
-0.8759999999999999,50422261.89977392
-0.875,52389028.07223301
-0.8739999999999999,54424950.80732771
-0.873,56532141.21355059
-0.8719999999999999,58712762.02432932
-0.871,60969028.372416526
-0.8699999999999999,63303208.55714017
-0.869,65717624.803572215
-0.8679999999999999,68214654.012678
-0.867,70796728.50144738
-0.8659999999999999,73466336.73201452
-0.865,76226024.02871269
-0.8639999999999999,79078393.28201729
-0.863,82026105.63826704
-0.8619999999999999,85071881.17406303
-0.861,88218499.5541825
-0.8599999999999999,91468800.67185344
-0.859,94825685.27017385
-0.8579999999999999,98292115.54347104
-0.857,101871115.71733215
-0.8559999999999999,105565772.60605423
-0.855,109379236.14619245
-0.8539999999999999,113314719.90490903
-0.853,117375501.56175378
-0.8519999999999999,121564923.36253585
-0.851,125886392.54386915
-0.8499999999999999,130343381.72701249
-0.849,134939429.27954543
-0.848,139678139.64345953
-0.847,144563183.6281737
-0.846,149598298.66700897
-0.845,154787289.0356132
-0.844,160134026.03082228
-0.843,165642448.10843566
-0.842,171316560.97835782
-0.841,177160437.65555885
-0.84,183178218.46529305
-0.839,189374111.0010033
-0.838,195752390.03333688
-0.837,202317397.3686911
-0.836,209073541.6557006
-0.835,216025298.1380845
-0.834,223177208.35225955
-0.833,230533879.7681375
-0.832,238099985.3715231
-0.831,245880263.18653446
-0.83,253879515.7364762
-0.829,262102609.4416052
-0.828,270554473.9522382
-0.827,279240101.4156662
-0.826,288164545.6753537
-0.825,297332921.40092343
-0.824,306750403.1474384
-0.823,316422224.34252834
-0.822,326353676.19991934
-0.821,336550106.5579607
-0.82,347016918.64177287
-0.819,357759569.747666
-0.818,368783569.8485212
-0.817,380094480.1188595
-0.816,391697911.3783636
-0.815,403599522.45265937
-0.814,415805018.4502143
-0.813,428320148.9542514
-0.8119999999999999,441150706.12862766
-0.8109999999999999,454302522.7366912
-0.8099999999999999,467781470.07216674
-0.8089999999999999,481593455.8011983
-0.8079999999999999,495744421.7147255
-0.8069999999999999,510240341.3904418
-0.8059999999999999,525087217.763644
-0.8049999999999999,540291080.6063626
-0.8039999999999999,555857983.9142189
-0.8029999999999999,571794003.200547
-0.8019999999999999,588105232.697383
-0.8009999999999999,604797782.4630191
-0.7999999999999999,621877775.3958832
-0.7989999999999999,639351344.1546154
-0.7979999999999999,657224627.9842808
-0.7969999999999999,675503769.4487582
-0.7959999999999999,694194911.0694424
-0.7949999999999999,713304191.8704807
-0.7939999999999999,732837743.8308805
-0.7929999999999999,752801688.2439104
-0.7919999999999999,773202131.9843298
-0.7909999999999999,794045163.6840832
-0.7899999999999999,815336849.81721
-0.7889999999999999,837083230.6948192
-0.7879999999999999,859290316.371102
-0.7869999999999999,881964082.4614645
-0.7859999999999999,905110465.8739758
-0.7849999999999999,928735360.4554492
-0.7839999999999999,952844612.5535904
-0.7829999999999999,977444016.4967718
-0.782,1002539309.9931002
-0.7809999999999999,1028136169.4506121
-0.78,1054240205.2204465
-0.7789999999999999,1080856956.7651777
-0.778,1107991887.7543166
-0.7769999999999999,1135650381.0894773
-0.776,1163837733.8614452
-0.7749999999999999,1192559152.2419107
-0.774,1221819746.3123639
-0.7729999999999999,1251624524.8331676
-0.772,1281978389.9555576
-0.7709999999999999,1312886131.8798647
-0.77,1344352423.4629445
-0.7689999999999999,1376381814.7783828
-0.768,1408978727.632711
-0.7669999999999999,1442147450.0414531
-0.766,1475892130.6684968
-0.7649999999999999,1510216773.2328627
-0.764,1545125230.8866036
-0.7629999999999999,1580621200.568166
-0.762,1616708217.3351803
-0.7609999999999999,1653389648.681249
-0.76,1690668688.8409383
-0.7589999999999999,1728548353.087781
-0.758,1767031472.0297005
-0.7569999999999999,1806120685.906905
-0.756,1845818438.8968701
-0.7549999999999999,1886126973.4316597
-0.754,1927048324.532418
-0.7529999999999999,1968584314.1664732
-0.752,2010736545.632065
-0.7509999999999999,2053506397.9763465
-0.75,2096895020.4518075
-0.7489999999999999,2140903327.016962
-0.748,2185531990.8865924
-0.7469999999999999,2230781439.1375427
-0.746,2276651847.3754888
-0.7449999999999999,2323143134.468812
-0.744,2370254957.3551135
-0.7429999999999999,2417986705.926602
-0.742,2466337497.9999967
-0.7409999999999999,2515306174.377262
-0.74,2564891294.00287
-0.7389999999999999,2615091129.2240047
-0.738,2665903661.1594143
-0.7369999999999999,2717326575.183382
-0.736,2769357256.530553
-0.7349999999999999,2821992786.0280757
-0.734,2875229935.960796
-0.7329999999999999,2929065166.0759816
-0.732,2983494619.7332397
-0.7309999999999999,3038514120.2060604
-0.73,3094119167.140633
-0.7289999999999999,3150304933.178264
-0.728,3207066260.74694
-0.7269999999999999,3264397659.0283046
-0.726,3322293301.105435
-0.7249999999999999,3380747021.297573
-0.724,3439752312.687048
-0.7229999999999999,3499302324.8443756
-0.722,3559389861.756584
-0.7209999999999999,3620007379.964591
-0.72,3681146986.914434
-0.719,3742800439.5279436
-0.718,3804959142.9975224
-0.717,3867614149.8101544
-0.716,3930756159.005307
-0.715,3994375515.6713367
-0.714,4058462210.684865
-0.713,4123005880.697409
-0.712,4187995808.373385
-0.711,4253420922.8834233
-0.71,4319269800.6567745
-0.709,4385530666.396338
-0.708,4452191394.359729
-0.707,4519239509.909502
-0.706,4586662191.335531
-0.705,4654446271.952236
-0.704,4722578242.473212
-0.703,4791044253.665519
-0.702,4859830119.28566
-0.701,4928921319.299111
-0.7,4998303003.384893
-0.699,5067959994.726525
-0.698,5137876794.09042
-0.697,5208037584.192461
-0.696,5278426234.353321
-0.695,5349026305.442765
-0.694,5419821055.112879
-0.693,5490793443.319954
-0.692,5561926138.134437
-0.691,5633201521.838047
-0.69,5704601697.306934
-0.689,5776108494.679419
-0.688,5847703478.306554
-0.6869999999999999,5919367953.98352
-0.6859999999999999,5991082976.459492
-0.6849999999999999,6062829357.223361
-0.6839999999999999,6134587672.562398
-0.6829999999999999,6206338271.890657
-0.6819999999999999,6278061286.343585
-0.6809999999999999,6349736637.635039
-0.6799999999999999,6421344047.172627
-0.6789999999999999,6492863045.426955
-0.6779999999999999,6564272981.550107
-0.6769999999999999,6635553033.238383
-0.6759999999999999,6706682216.834036
-0.6749999999999999,6777639397.660438
-0.6739999999999999,6848403300.584896
-0.6729999999999999,6918952520.802957
-0.6719999999999999,6989265534.837854
-0.6709999999999999,7059320711.748465
-0.6699999999999999,7129096324.538817
-0.6689999999999999,7198570561.762022
-0.6679999999999999,7267721539.311196
-0.6669999999999999,7336527312.38968
-0.6659999999999999,7404965887.652671
-0.6649999999999999,7473015235.51211
-0.6639999999999999,7540653302.596446
-0.6629999999999999,7607858024.356686
-0.6619999999999999,7674607337.809929
-0.6609999999999999,7740879194.411372
-0.6599999999999999,7806651573.045569
-0.6589999999999999,7871902493.12757
-0.6579999999999999,7936610027.804353
-0.6569999999999999,8000752317.2468195
-0.6559999999999999,8064307582.022439
-0.6549999999999999,8127254136.538525
-0.6539999999999999,8189570402.545905
-0.6529999999999999,8251234922.692741
-0.6519999999999999,8312226374.117989
-0.6509999999999999,8372523582.074013
-0.6499999999999999,8432105533.567712
-0.6489999999999999,8490951391.009409
-0.6479999999999999,8549040505.85876
-0.6469999999999999,8606352432.256771
-0.6459999999999999,8662866940.633087
-0.6449999999999999,8718564031.277565
-0.6439999999999999,8773423947.865187
-0.6429999999999999,8827427190.923346
-0.6419999999999999,8880554531.23052
-0.6409999999999999,8932787023.13537
-0.6399999999999999,8984106017.785337
-0.6389999999999999,9034493176.253824
-0.6379999999999999,9083930482.555132
-0.6369999999999999,9132400256.536348
-0.6359999999999999,9179885166.635489
-0.6349999999999999,9226368242.495255
-0.6339999999999999,9271832887.421926
-0.6329999999999999,9316262890.678919
-0.6319999999999999,9359642439.60479
-0.6309999999999999,9401956131.545498
-0.6299999999999999,9443188985.59097
-0.6289999999999999,9483326454.106089
-0.6279999999999999,9522354434.046518
-0.6269999999999999,9560259278.049824
-0.6259999999999999,9597027805.292667
-0.6249999999999999,9632647312.105005
-0.6239999999999999,9667105582.332422
-0.623,9700390897.438032
-0.622,9732492046.335562
-0.621,9763398334.945461
-0.62,9793099595.466295
-0.619,9821586195.353714
-0.618,9848849045.999807
-0.617,9874879611.105774
-0.616,9899669914.741245
-0.615,9923212549.083841
-0.614,9945500681.832909
-0.613,9966528063.291668
-0.612,9986289033.11237
-0.611,10004778526.699371
-0.61,10021992081.265427
-0.609,10037925841.53676
-0.608,10052576565.10299
-0.607,10065941627.40814
-0.606,10078019026.379566
-0.605,10088807386.6918
-0.604,10098305963.662804
-0.603,10106514646.780508
-0.602,10113433962.857824
-0.601,10119065078.814762
-0.6,10123409804.08668
-0.599,10126470592.658022
-0.598,10128250544.721376
-0.597,10128753407.961996
-0.596,10127983578.468378
-0.595,10125946101.269855
-0.594,10122646670.502565
-0.593,10118091629.205524
-0.592,10112287968.748955
-0.591,10105243327.89739
-0.59,10096965991.510437
-0.589,10087464888.884491
-0.588,10076749591.739065
-0.587,10064830311.851755
-0.586,10051717898.346233
-0.585,10037423834.638042
-0.584,10021960235.043283
-0.583,10005339841.055685
-0.582,9987576017.297848
-0.581,9968682747.152796
-0.58,9948674628.082375
-0.579,9927566866.639172
-0.578,9905375273.17922
-0.577,9882116256.282776
-0.576,9857806816.890955
-0.575,9832464542.166197
-0.574,9806107599.084862
-0.573,9778754727.770477
-0.572,9750425234.576462
-0.571,9721138984.927372
-0.57,9690916395.927967
-0.569,9659778428.7496
-0.568,9627746580.803658
-0.567,9594842877.712023
-0.566,9561089865.084627
-0.565,9526510600.114454
-0.564,9491128643.000418
-0.563,9454968048.208786
-0.5619999999999999,9418053355.583899
-0.5609999999999999,9380409581.31908
-0.5599999999999999,9342062208.798775
-0.5589999999999999,9303037179.323034
-0.5579999999999999,9263360882.725552
-0.5569999999999999,9223060147.896578
-0.5559999999999999,9182162233.222042
-0.5549999999999999,9140694816.95031
-0.5539999999999999,9098685987.498068
-0.5529999999999999,9056164233.706753
-0.5519999999999999,9013158435.061094
-0.5509999999999999,8969697851.881227
-0.5499999999999999,8925812115.499891
-0.5489999999999999,8881531218.43617
-0.5479999999999999,8836885504.577217
-0.5469999999999999,8791905659.379332
-0.5459999999999999,8746622700.099728
-0.5449999999999999,8701067966.070234
-0.5439999999999999,8655273109.024082
-0.5429999999999999,8609270083.486876
-0.5419999999999999,8563091137.242653
-0.5409999999999999,8516768801.885938
-0.5399999999999999,8470335883.470424
-0.5389999999999999,8423825453.264895
-0.5379999999999999,8377270838.626789
-0.5369999999999999,8330705614.0036
-0.5359999999999999,8284163592.072271
-0.5349999999999999,8237678815.0263815
-0.5339999999999999,8191285546.020869
-0.5329999999999999,8145018260.783747
-0.5319999999999999,8098911639.404115
-0.5309999999999999,8053000558.305467
-0.5299999999999999,8007320082.413187
-0.5289999999999999,7961905457.524749
-0.5279999999999999,7916792102.890997
-0.5269999999999999,7872015604.016555
-0.5259999999999999,7827611705.6872425
-0.5249999999999999,7783616305.231988
-0.5239999999999999,7740065446.026541
-0.5229999999999999,7696995311.246016
-0.5219999999999999,7654442217.872925
-0.5209999999999999,7612442610.967178
-0.5199999999999999,7571033058.204135
-0.5189999999999999,7530250244.68655
-0.5179999999999999,7490130968.035956
-0.5169999999999999,7450712133.768686
-0.5159999999999999,7412030750.961402
-0.5149999999999999,7374123928.210791
-0.5139999999999999,7337028869.891658
-0.5129999999999999,7300782872.717371
-0.5119999999999999,7265423322.606294
-0.5109999999999999,7230987691.857552
-0.5099999999999999,7197513536.639074
-0.5089999999999999,7165038494.7906065
-0.5079999999999999,7133600283.944034
-0.5069999999999999,7103236699.963002
-0.5059999999999999,7073985615.703619
-0.5049999999999999,7045884980.09749
-0.5039999999999999,7018972817.558241
-0.5029999999999999,6993287227.71218
-0.5019999999999999,6968866385.453615
-0.5009999999999999,6945748541.324813
-0.4999999999999999,6923972022.220474
-0.4989999999999999,6903575232.416127
-0.4979999999999999,6884596654.919716
-0.4969999999999999,6867074853.145107
-0.496,6851048472.906225
-0.495,6836556244.729952
-0.494,6823636986.485878
-0.493,6812329606.330555
-0.492,6802673105.963638
-0.491,6794706584.1930685
-0.49,6788469240.806145
-0.489,6784000380.743134
-0.488,6781339418.569641
-0.487,6780525883.243929
-0.486,6781599423.17491
-0.485,6784599811.566511
-0.484,6789566952.043648
-0.483,6796540884.554985
-0.482,6805561791.547355
-0.481,6816670004.406544
-0.48,6829906010.158865
-0.479,6845310458.427816
-0.478,6862924168.639843
-0.477,6882788137.473196
-0.476,6904943546.543439
-0.475,6929431770.319213
-0.474,6956294384.261594
-0.473,6985573173.180283
-0.472,7017310139.799574
-0.471,7051547513.527111
-0.47,7088327759.4180765
-0.469,7127693587.32761
-0.46799999999999997,7169687961.243777
-0.46699999999999997,7214354108.793627
-0.46599999999999997,7261735530.91452
-0.46499999999999997,7311876011.683036
-0.46399999999999997,7364819628.293436
-0.46299999999999997,7420610761.177724
-0.46199999999999997,7479294104.259218
-0.46099999999999997,7540914675.331615
-0.45999999999999996,7605517826.555105
-0.45899999999999996,7673149255.061472
-0.45799999999999996,7743855013.659707
-0.45699999999999996,7817681521.63395
-0.45599999999999996,7894675575.62515
-0.45499999999999996,7974884360.588158
-0.45399999999999996,8058355460.815657
-0.45299999999999996,8145136871.020678
-0.45199999999999996,8235277007.4689045
-0.45099999999999996,8328824719.152488
-0.44999999999999996,8425829298.996735
-0.44899999999999995,8526340495.091337
-0.44799999999999995,8630408521.937376
-0.44699999999999995,8738084071.70192
-0.44599999999999995,8849418325.471495
-0.44499999999999995,8964462964.496223
-0.44399999999999995,9083270181.416029
-0.44299999999999995,9205892691.460659
-0.44199999999999995,9332383743.61509
-0.44099999999999995,9462797131.742172
-0.43999999999999995,9597187205.654108
-0.43899999999999995,9735608882.12463
-0.43799999999999994,9878117655.833706
-0.43699999999999994,10024769610.236832
-0.43599999999999994,10175621428.350647
-0.43499999999999994,10330730403.447098
-0.43399999999999994,10490154449.648119
-0.43299999999999994,10653952112.413263
-0.43199999999999994,10822182578.912098
-0.43099999999999994,10994905688.27417
-0.42999999999999994,11172181941.70853
-0.42899999999999994,11354072512.485664
-0.42799999999999994,11540639255.77408
-0.42699999999999994,11731944718.324402
-0.42599999999999993,11928052147.9936
-0.42499999999999993,12129025503.102287
-0.42399999999999993,12334929461.617882
-0.42299999999999993,12545829430.156685
-0.42199999999999993,12761791552.797905
-0.42099999999999993,12982882719.703053
-0.41999999999999993,13209170575.5336
-0.41899999999999993,13440723527.660604
-0.4179999999999999,13677610754.159567
-0.4169999999999999,13919902211.584248
-0.4159999999999999,14167668642.51296
-0.4149999999999999,14420981582.861149
-0.4139999999999999,14679913368.954042
-0.4129999999999999,14944537144.353573
-0.4119999999999999,15214926866.433233
-0.4109999999999999,15491157312.69529
-0.4099999999999999,15773304086.824427
-0.4089999999999999,16061443624.47235
-0.4079999999999999,16355653198.767525
-0.4069999999999999,16656010925.54479
-0.4059999999999999,16962595768.289186
-0.4049999999999999,17275487542.78918
-0.4039999999999999,17594766921.49362
-0.4029999999999999,17920515437.567463
-0.4019999999999999,18252815488.641342
-0.4009999999999999,18591750340.250114
-0.3999999999999999,18937404128.95537
-0.3989999999999999,19289861865.14723
-0.3979999999999999,19649209435.52074
-0.3969999999999999,20015533605.22265
-0.3959999999999999,20388922019.66337
-0.3949999999999999,20769463205.99065
-0.3939999999999999,21157246574.219738
-0.3929999999999999,21552362418.016624
-0.3919999999999999,21954901915.129562
-0.3909999999999999,22364957127.46535
-0.3899999999999999,22782621000.806038
-0.3889999999999999,23207987364.162365
-0.3879999999999999,23641150928.759968
-0.3869999999999999,24082207286.654938
-0.3859999999999999,24531252908.974537
-0.3849999999999999,24988385143.78022
-0.3839999999999999,25453702213.548676
-0.3829999999999999,25927303212.268253
-0.3819999999999999,26409288102.1467
-0.3809999999999999,26899757709.927666
-0.3799999999999999,27398813722.812023
-0.3789999999999999,27906558683.981697
-0.3779999999999999,28423095987.7221
-0.3769999999999999,28948529874.141144
-0.3759999999999999,29482965423.480957
-0.3749999999999999,30026508550.020416
-0.3739999999999999,30579265995.56484
-0.3729999999999999,31141345322.52116
-0.3719999999999999,31712854906.55487
-0.3709999999999999,32293903928.827316
-0.3699999999999999,32884602367.809875
-0.3689999999999999,33485060990.67346
-0.3679999999999999,34095391344.250477
-0.367,34715705745.567245
-0.366,35346117271.944885
-0.365,35986739750.66577
-0.364,36637687748.20493
-0.363,37299076559.022934
-0.362,37971022193.91973
-0.361,38653641367.94642
-0.36,39347051487.87444
-0.359,40051370639.219444
-0.358,40766717572.81933
-0.357,41493211690.96388
-0.356,42230973033.075745
-0.355,42980122260.9403
-0.354,43740780643.48441
-0.353,44513070041.10153
-0.352,45297112889.52351
-0.351,46093032183.23697
-0.35,46900951458.44412
-0.349,47720994775.566795
-0.348,48553286701.29338
-0.347,49397952290.16747
-0.346,50255117065.718506
-0.345,51124907001.133026
-0.344,52007448499.4674
-0.34299999999999997,52902868373.4005
-0.34199999999999997,53811293824.52737
-0.34099999999999997,54732852422.193085
-0.33999999999999997,55667672081.867386
-0.33899999999999997,56615881043.05991
-0.33799999999999997,57577607846.7767
-0.33699999999999997,58552981312.518166
-0.33599999999999997,59542130514.81916
-0.33499999999999996,60545184759.33163
-0.33399999999999996,61562273558.45122
-0.33299999999999996,62593526606.48763
-0.33199999999999996,63639073754.38123
-0.33099999999999996,64699044983.96543
-0.32999999999999996,65773570381.77779
-0.32899999999999996,66862780112.41953
-0.32799999999999996,67966804391.466866
-0.32699999999999996,69085773457.93385
-0.32599999999999996,70219817546.29053
-0.32499999999999996,71369066858.03642
-0.32399999999999995,72533651532.8335
-0.32299999999999995,73713701619.19865
-0.32199999999999995,74909347044.7603
-0.32099999999999995,76120717586.07959
-0.31999999999999995,77347942838.04079
-0.31899999999999995,78591152182.81194
-0.31799999999999995,79850474758.38058
-0.31699999999999995,81126039426.66585
-0.31599999999999995,82417974741.21191
-0.31499999999999995,83726408914.4651
-0.31399999999999995,85051469784.63919
-0.31299999999999994,86393284782.1718
-0.31199999999999994,87751980895.77696
-0.31099999999999994,89127684638.09674
-0.30999999999999994,90520522010.95786
-0.30899999999999994,91930618470.23593
-0.30799999999999994,93358098890.33388
-0.30699999999999994,94803087528.27779
-0.30599999999999994,96265707987.43677
-0.30499999999999994,97746083180.87033
-0.30399999999999994,99244335294.31079
-0.30299999999999994,100760585748.78383
-0.30199999999999994,102294955162.87576
-0.30099999999999993,103847563314.65076
-0.29999999999999993,105418529103.22675
-0.29899999999999993,107007970510.01387
-0.29799999999999993,108616004559.62462
-0.29699999999999993,110242747280.45993
-0.29599999999999993,111888313664.98053
-0.29499999999999993,113552817629.66814
-0.29399999999999993,115236371974.68692
-0.2929999999999999,116939088343.2494
-0.2919999999999999,118661077180.69797
-0.2909999999999999,120402447693.3063
-0.2899999999999999,122163307806.81294
-0.2889999999999999,123943764124.69113
-0.2879999999999999,125743921886.16711
-0.2869999999999999,127563884923.9932
-0.2859999999999999,129403755621.98592
-0.2849999999999999,131263634872.33733
-0.2839999999999999,133143622032.71043
-0.2829999999999999,135043814883.12604
-0.2819999999999999,136964309582.65337
-0.2809999999999999,138905200625.91162
-0.2799999999999999,140866580799.39594
-0.2789999999999999,142848541137.63425
-0.2779999999999999,144851170879.1896
-0.2769999999999999,146874557422.51514
-0.2759999999999999,148918786281.67554
-0.2749999999999999,150983941041.9439
-0.2739999999999999,153070103315.28732
-0.2729999999999999,155177352695.7507
-0.2719999999999999,157305766714.7529
-0.2709999999999999,159455420796.30426
-0.2699999999999999,161626388212.16104
-0.2689999999999999,163818740036.92548
-0.2679999999999999,166032545103.10742
-0.2669999999999999,168267869956.1569
-0.2659999999999999,170524778809.48367
-0.2649999999999999,172803333499.47403
-0.2639999999999999,175103593440.5202
-0.2629999999999999,177425615580.0741
-0.2619999999999999,179769454353.74036
-0.2609999999999999,182135161640.42108
-0.2599999999999999,184522786717.5276
-0.2589999999999999,186932376216.2717
-0.2579999999999999,189363974077.05237
-0.2569999999999999,191817621504.95023
-0.2559999999999999,194293356925.34677
-0.2549999999999999,196791215939.6802
-0.2539999999999999,199311231281.35574
-0.2529999999999999,201853432771.82236
-0.2519999999999999,204417847276.8335
-0.2509999999999999,207004498662.90524
-0.2499999999999999,209613407753.98865
-0.2489999999999999,212244592288.37045
-0.2479999999999999,214898066875.81906
-0.2469999999999999,217573842954.9899
-0.24599999999999989,220271928751.10815
-0.24499999999999988,222992329233.9422
-0.24399999999999988,225735046076.08636
-0.24299999999999988,228500077611.56668
-0.24199999999999988,231287418794.78833
-0.24099999999999988,234097061159.83835
-0.24,236928992780.16263
-0.239,239783198228.63275
-0.238,242659658538.01602
-0.237,245558351161.87216
-0.236,248479249935.88605
-0.235,251422325039.65842
-0.23399999999999999,254387542958.96753
-0.23299999999999998,257374866448.5219
-0.23199999999999998,260384254495.2177
-0.23099999999999998,263415662281.92062
-0.22999999999999998,266469041151.78635
-0.22899999999999998,269544338573.1386
-0.22799999999999998,272641498104.92004
-0.22699999999999998,275760459362.73486
-0.22599999999999998,278901157985.49677
-0.22499999999999998,282063525602.703
-0.22399999999999998,285247489802.34766
-0.22299999999999998,288452974099.4943
-0.22199999999999998,291679897905.5212
-0.22099999999999997,294928176498.05927
-0.21999999999999997,298197720991.6369
-0.21899999999999997,301488438309.0501
-0.21799999999999997,304800231153.4719
-0.21699999999999997,308132997981.3213
-0.21599999999999997,311486632975.9036
-0.21499999999999997,314861026021.84344
-0.21399999999999997,318256062680.32117
-0.21299999999999997,321671624165.134
-0.21199999999999997,325107587319.5938
-0.21099999999999997,328563824594.28046
-0.20999999999999996,332040204025.663
-0.20899999999999996,335536589215.60913
-0.20799999999999996,339052839311.7924
-0.20699999999999996,342588808989.0194
-0.20599999999999996,346144348431.4841
-0.20499999999999996,349719303315.97217
-0.20399999999999996,353313514796.02484
-0.20299999999999996,356926819487.079
-0.20199999999999996,360559049452.5965
-0.20099999999999996,364210032191.2007
-0.19999999999999996,367879590624.82776
-0.19899999999999984,371567543087.9149
-0.19799999999999995,375273703317.6287
-0.19699999999999984,378997880445.1615
-0.19599999999999995,382739878988.08875
-0.19499999999999984,386499498843.8252
-0.19399999999999995,390276535284.16565
-0.19299999999999984,394070778950.9491
-0.19199999999999995,397882015852.83356
-0.19099999999999984,401710027363.2171
-0.18999999999999995,405554590219.2927
-0.18899999999999983,409415476522.2741
-0.18799999999999994,413292453738.7754
-0.18699999999999983,417185284703.3846
-0.18599999999999994,421093727622.41205
-0.18499999999999983,425017536078.85284
-0.18399999999999994,428956459038.5444
-0.18299999999999983,432910240857.5564
-0.18199999999999994,436878621290.79486
-0.18099999999999983,440861335501.85675
-0.17999999999999994,444858114074.11536
-0.17899999999999983,448868683023.07196
-0.17799999999999994,452892763809.9556
-0.17699999999999982,456930073356.60297
-0.17599999999999993,460980324061.5994
-0.17500000000000004,465043223817.7158
-0.17399999999999993,469118476030.6217
-0.17300000000000004,473205779638.89294
-0.17199999999999993,477304829135.3267
-0.17100000000000004,481415314589.54535
-0.16999999999999993,485536921671.924
-0.16900000000000004,489669331678.81415
-0.16799999999999993,493812221559.0985
-0.16700000000000004,497965263942.04895
-0.16599999999999993,502128127166.5223
-0.16500000000000004,506300475311.46344
-0.16399999999999992,510481968227.75085
-0.16300000000000003,514672261571.3533
-0.16199999999999992,518871006837.83075
-0.16100000000000003,523077851398.14905
-0.15999999999999992,527292438535.83777
-0.15900000000000003,531514407485.4627
-0.15799999999999992,535743393472.44104
-0.15700000000000003,539979027754.167
-0.15599999999999992,544220937662.47906
-0.15500000000000003,548468746647.4322
-0.15399999999999991,552722074322.4069
-0.15300000000000002,556980536510.5183
-0.1519999999999999,561243745292.354
-0.15100000000000002,565511309055.0045
-0.1499999999999999,569782832542.4127
-0.14900000000000002,574057916907.0076
-0.1479999999999999,578336159762.645
-0.14700000000000002,582617155238.8203
-0.1459999999999999,586900494036.1765
-0.14500000000000002,591185763483.2706
-0.1439999999999999,595472547594.6179
-0.14300000000000002,599760427129.9817
-0.1419999999999999,604048979654.923
-0.14100000000000001,608337779602.5763
-0.1399999999999999,612626398336.67
-0.139,616914404215.7488
-0.1379999999999999,621201362658.6227
-0.137,625486836210.9951
-0.1359999999999999,629770384613.2952
-0.135,634051564869.6649
-0.1339999999999999,638329931318.1256
-0.133,642605035701.8732
-0.1319999999999999,646876427241.7263
-0.131,651143652709.6761
-0.1299999999999999,655406256503.5581
-0.129,659663780722.798
-0.1279999999999999,663915765245.2473
-0.127,668161747805.0621
-0.1259999999999999,672401264071.6389
-0.125,676633847729.5596
-0.12399999999999989,680859030559.5586
-0.123,685076342520.4656
-0.12199999999999989,689285311832.1312
-0.121,693485465059.2924
-0.11999999999999988,697676327196.3833
-0.119,701857421753.2455
-0.11799999999999988,706028270841.7444
-0.11699999999999999,710188395263.2426
-0.11599999999999988,714337314596.9396
-0.11499999999999999,718474547289.0255
-0.11399999999999988,722599610742.6564
-0.11299999999999999,726712021408.7006
-0.11199999999999988,730811294877.2603
-0.11099999999999999,734896945969.9196
-0.10999999999999988,738968488832.7212
-0.10899999999999999,743025437029.8198
-0.10799999999999987,747067303637.818
-0.10699999999999998,751093601340.7297
-0.10599999999999987,755103842525.5757
-0.10499999999999998,759097539378.5565
-0.10399999999999987,763074203981.8063
-0.10299999999999998,767033348410.6727
-0.10199999999999987,770974484831.524
-0.10099999999999998,774897125600.0305
-0.09999999999999987,778800783359.9182
-0.09899999999999998,782684971142.1437
-0.09799999999999986,786549202464.4856
-0.09699999999999998,790392991431.5009
-0.09599999999999986,794215852834.8429
-0.09499999999999997,798017302253.8884
-0.09399999999999986,801796856156.6664
-0.09299999999999997,805554032001.04
-0.09199999999999986,809288348336.1337
-0.09099999999999997,812999324903.9515
-0.08999999999999986,816686482741.1837
-0.08899999999999997,820349344281.1455
-0.08799999999999986,823987433455.8431
-0.08699999999999997,827600275798.1123
-0.08599999999999985,831187398543.8237
-0.08499999999999996,834748330734.0995
-0.08399999999999985,838282603317.537
-0.08299999999999996,841789749252.3807
-0.08199999999999985,845269303608.6405
-0.08099999999999996,848720803670.0952
-0.07999999999999985,852143789036.1824
-0.07899999999999996,855537801723.7102
-0.07799999999999985,858902386268.3911
-0.07699999999999996,862237089826.139
-0.07599999999999985,865541462274.1229
-0.07499999999999996,868815056311.5214
-0.07399999999999984,872057427559.9716
-0.07299999999999995,875268134663.656
-0.07199999999999984,878446739389.0214
-0.07099999999999995,881592806724.0721
-0.06999999999999984,884705904977.2318
-0.06899999999999995,887785605875.7195
-0.06799999999999984,890831484663.4292
-0.06699999999999995,893843120198.2618
-0.06599999999999984,896820095048.8999
-0.06499999999999995,899761995590.9701
-0.06399999999999983,902668412102.5873
-0.06299999999999994,905538938859.2269
-0.06199999999999983,908373174227.914
-0.06099999999999994,911170720760.6808
-0.05999999999999983,913931185287.2816
-0.05899999999999994,916654179007.113
-0.05799999999999983,919339317580.332
-0.05699999999999994,921986221218.1215
-0.05599999999999983,924594514772.091
-0.05499999999999994,927163827822.7678
-0.053999999999999826,929693794767.1659
-0.052999999999999936,932184054905.383
-0.051999999999999824,934634252526.2212
-0.050999999999999934,937044036991.7794
-0.04999999999999982,939413062821.008
-0.04899999999999993,941740989772.186
-0.04799999999999982,944027482924.2997
-0.04699999999999993,946272212757.2894
-0.04600000000000004,948474855231.1484
-0.04499999999999993,950635091863.832
-0.04400000000000004,952752609807.9635
-0.04299999999999993,954827101926.3083
-0.04200000000000004,956858266865.982
-0.040999999999999925,958845809131.3839
-0.040000000000000036,960789439155.8112
-0.038999999999999924,962688873371.7504
-0.038000000000000034,964543834279.8016
-0.03699999999999992,966354050516.2324
-0.03600000000000003,968119256919.1185
-0.03499999999999992,969839194593.0665
-0.03400000000000003,971513610972.4824
-0.03299999999999992,973142259883.3751
-0.03200000000000003,974724901603.6646
-0.030999999999999917,976261302921.9823
-0.030000000000000027,977751237194.9365
-0.028999999999999915,979194484402.8289
-0.028000000000000025,980590831203.7974
-0.026999999999999913,981940070986.3734
-0.026000000000000023,983242003920.4272
-0.02499999999999991,984496437006.4932
-0.02400000000000002,985703184123.4471
-0.02299999999999991,986862066074.5311
-0.02200000000000002,987972910631.6997
-0.020999999999999908,989035552578.2769
-0.020000000000000018,990049833749.9088
-0.018999999999999906,991015603073.7996
-0.018000000000000016,991932716606.2101
-0.016999999999999904,992801037568.2156
-0.016000000000000014,993620436379.7026
-0.014999999999999902,994390790691.5974
-0.014000000000000012,995111985416.3125
-0.0129999999999999,995783912756.4027
-0.01200000000000001,996406472231.4177
-0.010999999999999899,996979570702.9464
-0.010000000000000009,997503122397.8375
-0.008999999999999897,997977048929.597
-0.008000000000000007,998401279317.9467
-0.006999999999999895,998775750006.5416
-0.006000000000000005,999100404878.8397
-0.004999999999999893,999375195272.1182
-0.0040000000000000036,999600079989.6274
-0.0029999999999998916,999775025310.8881
-0.0020000000000000018,999900005000.1151
-0.0009999999999998899,999975000312.7761
0.0,1000000000000.2778
0.001000000000000112,999975000312.7761
0.0020000000000000018,999900005000.1151
0.0030000000000001137,999775025310.888
0.0040000000000000036,999600079989.6274
0.0050000000000001155,999375195272.118
0.006000000000000005,999100404878.8397
0.007000000000000117,998775750006.5415
0.008000000000000007,998401279317.9467
0.009000000000000119,997977048929.5969
0.010000000000000009,997503122397.8375
0.01100000000000012,996979570702.9463
0.01200000000000001,996406472231.4177
0.013000000000000123,995783912756.4026
0.014000000000000012,995111985416.3125
0.015000000000000124,994390790691.5972
0.016000000000000014,993620436379.7026
0.017000000000000126,992801037568.2155
0.018000000000000016,991932716606.2101
0.019000000000000128,991015603073.7994
0.020000000000000018,990049833749.9088
0.02100000000000013,989035552578.2766
0.02200000000000002,987972910631.6997
0.02300000000000013,986862066074.531
0.02400000000000002,985703184123.4471
0.025000000000000133,984496437006.4929
0.026000000000000023,983242003920.4272
0.027000000000000135,981940070986.3732
0.028000000000000025,980590831203.7974
0.029000000000000137,979194484402.8286
0.030000000000000027,977751237194.9365
0.03100000000000014,976261302921.9819
0.03200000000000003,974724901603.6646
0.03300000000000014,973142259883.3746
0.03400000000000003,971513610972.4824
0.03500000000000014,969839194593.0663
0.03600000000000003,968119256919.1185
0.037000000000000144,966354050516.232
0.038000000000000034,964543834279.8016
0.039000000000000146,962688873371.7499
0.040000000000000036,960789439155.8112
0.04100000000000015,958845809131.3834
0.04200000000000004,956858266865.982
0.04300000000000015,954827101926.3079
0.04400000000000004,952752609807.9635
0.04500000000000015,950635091863.8315
0.04600000000000004,948474855231.1484
0.04700000000000015,946272212757.2891
0.04800000000000004,944027482924.2992
0.049000000000000155,941740989772.1855
0.050000000000000044,939413062821.0076
0.051000000000000156,937044036991.7788
0.052000000000000046,934634252526.2208
0.05300000000000016,932184054905.3824
0.05400000000000005,929693794767.1653
0.05500000000000016,927163827822.7672
0.05600000000000005,924594514772.0903
0.05700000000000016,921986221218.1208
0.05800000000000005,919339317580.3314
0.05900000000000016,916654179007.1124
0.06000000000000005,913931185287.281
0.061000000000000165,911170720760.6802
0.062000000000000055,908373174227.9133
0.06300000000000017,905538938859.2263
0.06400000000000006,902668412102.5867
0.06500000000000017,899761995590.9694
0.06600000000000006,896820095048.8992
0.06700000000000017,893843120198.2612
0.06800000000000006,890831484663.4285
0.06900000000000017,887785605875.7188
0.07000000000000006,884705904977.2311
0.07100000000000017,881592806724.0714
0.07200000000000006,878446739389.0208
0.07300000000000018,875268134663.6554
0.07400000000000007,872057427559.9708
0.07500000000000018,868815056311.5206
0.07600000000000007,865541462274.1222
0.07700000000000018,862237089826.1383
0.07800000000000007,858902386268.3904
0.07900000000000018,855537801723.7094
0.08000000000000007,852143789036.1816
0.08099999999999996,848720803670.0952
0.08200000000000007,845269303608.6396
0.08299999999999996,841789749252.3807
0.08400000000000007,838282603317.5361
0.08499999999999996,834748330734.0995
0.08600000000000008,831187398543.823
0.08699999999999997,827600275798.1123
0.08800000000000008,823987433455.8424
0.08899999999999997,820349344281.1455
0.09000000000000008,816686482741.1829
0.09099999999999997,812999324903.9515
0.09200000000000008,809288348336.1329
0.09299999999999997,805554032001.04
0.09400000000000008,801796856156.6654
0.09499999999999997,798017302253.8884
0.09600000000000009,794215852834.8422
0.09699999999999998,790392991431.5009
0.09800000000000009,786549202464.4847
0.09899999999999998,782684971142.1437
0.10000000000000009,778800783359.9174
0.10099999999999998,774897125600.0305
0.10200000000000009,770974484831.5233
0.10299999999999998,767033348410.6727
0.10400000000000009,763074203981.8054
0.10499999999999998,759097539378.5565
0.1060000000000001,755103842525.5748
0.10699999999999998,751093601340.7297
0.1080000000000001,747067303637.8171
0.10899999999999999,743025437029.8198
0.1100000000000001,738968488832.7202
0.11099999999999999,734896945969.9196
0.1120000000000001,730811294877.2593
0.11299999999999999,726712021408.7006
0.1140000000000001,722599610742.6555
0.11499999999999999,718474547289.0255
0.1160000000000001,714337314596.9387
0.11699999999999999,710188395263.2426
0.1180000000000001,706028270841.7434
0.119,701857421753.2455
0.1200000000000001,697676327196.3824
0.121,693485465059.2924
0.12200000000000011,689285311832.1302
0.123,685076342520.4656
0.12400000000000011,680859030559.5577
0.125,676633847729.5596
0.1260000000000001,672401264071.6381
0.127,668161747805.0621
0.1280000000000001,663915765245.2465
0.129,659663780722.798
0.13000000000000012,655406256503.5571
0.131,651143652709.6761
0.13200000000000012,646876427241.7255
0.133,642605035701.8732
0.13400000000000012,638329931318.1246
0.135,634051564869.6649
0.13600000000000012,629770384613.2941
0.137,625486836210.9951
0.13800000000000012,621201362658.6217
0.139,616914404215.7488
0.14000000000000012,612626398336.6691
0.14100000000000001,608337779602.5763
0.14200000000000013,604048979654.922
0.14300000000000002,599760427129.9817
0.14400000000000013,595472547594.6171
0.14500000000000002,591185763483.2706
0.14600000000000013,586900494036.1757
0.14700000000000002,582617155238.8203
0.14800000000000013,578336159762.644
0.14900000000000002,574057916907.0076
0.15000000000000013,569782832542.4117
0.15100000000000002,565511309055.0045
0.15200000000000014,561243745292.353
0.15300000000000002,556980536510.5183
0.15400000000000014,552722074322.4059
0.15500000000000003,548468746647.4322
0.15600000000000014,544220937662.47815
0.15700000000000003,539979027754.167
0.15800000000000014,535743393472.44
0.15900000000000003,531514407485.4627
0.16000000000000014,527292438535.83673
0.16100000000000003,523077851398.14905
0.16200000000000014,518871006837.8299
0.16300000000000003,514672261571.3533
0.16400000000000015,510481968227.7498
0.16500000000000004,506300475311.46344
0.16600000000000015,502128127166.5213
0.16700000000000004,497965263942.04895
0.16800000000000015,493812221559.09753
0.16900000000000004,489669331678.81415
0.17000000000000015,485536921671.9231
0.17100000000000004,481415314589.54535
0.17200000000000015,477304829135.32574
0.17300000000000004,473205779638.89294
0.17400000000000015,469118476030.62085
0.17500000000000004,465043223817.7158
0.17600000000000016,460980324061.5985
0.17700000000000005,456930073356.60205
0.17800000000000016,452892763809.9548
0.17900000000000005,448868683023.0711
0.18000000000000016,444858114074.11444
0.18100000000000005,440861335501.8559
0.18200000000000016,436878621290.79395
0.18300000000000005,432910240857.5555
0.18400000000000016,428956459038.5436
0.18500000000000005,425017536078.8519
0.18600000000000017,421093727622.41113
0.18700000000000006,417185284703.3838
0.18800000000000017,413292453738.77454
0.18900000000000006,409415476522.2733
0.19000000000000017,405554590219.2919
0.19100000000000006,401710027363.2163
0.19200000000000017,397882015852.8327
0.19300000000000006,394070778950.94824
0.19400000000000017,390276535284.1648
0.19500000000000006,386499498843.8244
0.19600000000000017,382739878988.0879
0.19700000000000006,378997880445.16064
0.19800000000000018,375273703317.62787
0.19900000000000007,371567543087.9142
0.20000000000000018,367879590624.82697
0.20100000000000007,364210032191.2002
0.20200000000000018,360559049452.5957
0.20300000000000007,356926819487.07855
0.20400000000000018,353313514796.0241
0.20500000000000007,349719303315.9717
0.20600000000000018,346144348431.48315
0.20700000000000007,342588808989.0189
0.20799999999999996,339052839311.7924
0.20900000000000007,335536589215.6087
0.20999999999999996,332040204025.663
0.21100000000000008,328563824594.27997
0.21199999999999997,325107587319.5938
0.21300000000000008,321671624165.1335
0.21399999999999997,318256062680.32117
0.21500000000000008,314861026021.8431
0.21599999999999997,311486632975.9036
0.21700000000000008,308132997981.32086
0.21799999999999997,304800231153.4719
0.21900000000000008,301488438309.04974
0.21999999999999997,298197720991.6369
0.22100000000000009,294928176498.05884
0.22199999999999998,291679897905.5212
0.2230000000000001,288452974099.49396
0.22399999999999998,285247489802.34766
0.2250000000000001,282063525602.7026
0.22599999999999998,278901157985.49677
0.2270000000000001,275760459362.7345
0.22799999999999998,272641498104.92004
0.2290000000000001,269544338573.13818
0.22999999999999998,266469041151.78635
0.2310000000000001,263415662281.92023
0.23199999999999998,260384254495.2177
0.2330000000000001,257374866448.5215
0.23399999999999999,254387542958.96753
0.2350000000000001,251422325039.65805
0.236,248479249935.88605
0.2370000000000001,245558351161.8718
0.238,242659658538.01602
0.2390000000000001,239783198228.6324
0.24,236928992780.16263
0.2410000000000001,234097061159.83774
0.242,231287418794.78796
0.2430000000000001,228500077611.56607
0.244,225735046076.086
0.2450000000000001,222992329233.9416
0.246,220271928751.10782
0.2470000000000001,217573842954.98926
0.248,214898066875.81866
0.2490000000000001,212244592288.3699
0.25,209613407753.98834
0.2510000000000001,207004498662.90463
0.252,204417847276.83316
0.2530000000000001,201853432771.82178
0.254,199311231281.35544
0.2550000000000001,196791215939.67963
0.256,194293356925.3464
0.2570000000000001,191817621504.94968
0.258,189363974077.05203
0.2590000000000001,186932376216.27118
0.26,184522786717.52728
0.2610000000000001,182135161640.42053
0.262,179769454353.74002
0.2630000000000001,177425615580.07358
0.264,175103593440.51987
0.2650000000000001,172803333499.4735
0.266,170524778809.48337
0.2670000000000001,168267869956.15637
0.268,166032545103.10712
0.26900000000000013,163818740036.92502
0.27,161626388212.16074
0.27100000000000013,159455420796.30377
0.272,157305766714.7526
0.27300000000000013,155177352695.75027
0.274,153070103315.28708
0.27500000000000013,150983941041.94345
0.276,148918786281.67526
0.27700000000000014,146874557422.51468
0.278,144851170879.18936
0.27900000000000014,142848541137.6338
0.28,140866580799.39566
0.28100000000000014,138905200625.9112
0.28200000000000003,136964309582.65309
0.28300000000000014,135043814883.12563
0.28400000000000003,133143622032.71019
0.28500000000000014,131263634872.3369
0.28600000000000003,129403755621.98563
0.28700000000000014,127563884923.9928
0.28800000000000003,125743921886.16689
0.28900000000000015,123943764124.69069
0.29000000000000004,122163307806.81273
0.29100000000000015,120402447693.30594
0.29200000000000004,118661077180.6977
0.29300000000000015,116939088343.24904
0.29400000000000004,115236371974.68665
0.29500000000000015,113552817629.66772
0.29600000000000004,111888313664.98027
0.29700000000000015,110242747280.4596
0.29800000000000004,108616004559.62437
0.29900000000000015,107007970510.01349
0.30000000000000004,105418529103.22652
0.30100000000000016,103847563314.65044
0.30200000000000005,102294955162.87555
0.30300000000000016,100760585748.7835
0.30400000000000005,99244335294.31056
0.30500000000000016,97746083180.87003
0.30600000000000005,96265707987.43655
0.30700000000000016,94803087528.27745
0.30800000000000005,93358098890.33366
0.30900000000000016,91930618470.23563
0.31000000000000005,90520522010.9577
0.31100000000000017,89127684638.09644
0.31200000000000006,87751980895.77681
0.31300000000000017,86393284782.17151
0.31400000000000006,85051469784.639
0.31500000000000017,83726408914.4648
0.31600000000000006,82417974741.21175
0.31700000000000017,81126039426.66556
0.31800000000000006,79850474758.38042
0.3190000000000002,78591152182.81166
0.32000000000000006,77347942838.0406
0.3210000000000002,76120717586.07933
0.32200000000000006,74909347044.76013
0.3230000000000002,73713701619.1984
0.32400000000000007,72533651532.83333
0.3250000000000002,71369066858.03613
0.32600000000000007,70219817546.29037
0.3270000000000002,69085773457.9336
0.32800000000000007,67966804391.46673
0.3290000000000002,66862780112.41928
0.33000000000000007,65773570381.77765
0.3310000000000002,64699044983.96521
0.3320000000000001,63639073754.381096
0.3330000000000002,62593526606.48739
0.3340000000000001,61562273558.45108
0.3350000000000002,60545184759.33141
0.3360000000000001,59542130514.81902
0.33699999999999997,58552981312.518166
0.3380000000000001,57577607846.77658
0.33899999999999997,56615881043.05991
0.3400000000000001,55667672081.86726
0.34099999999999997,54732852422.193085
0.3420000000000001,53811293824.52725
0.34299999999999997,52902868373.4005
0.3440000000000001,52007448499.467285
0.345,51124907001.133026
0.3460000000000001,50255117065.7184
0.347,49397952290.16747
0.3480000000000001,48553286701.29328
0.349,47720994775.566795
0.3500000000000001,46900951458.44399
0.351,46093032183.23697
0.3520000000000001,45297112889.523415
0.353,44513070041.10153
0.3540000000000001,43740780643.484314
0.355,42980122260.9403
0.3560000000000001,42230973033.07564
0.357,41493211690.96388
0.3580000000000001,40766717572.81924
0.359,40051370639.219444
0.3600000000000001,39347051487.87435
0.361,38653641367.94642
0.3620000000000001,37971022193.919655
0.363,37299076559.022934
0.3640000000000001,36637687748.204834
0.365,35986739750.66577
0.3660000000000001,35346117271.94482
0.367,34715705745.567245
0.3680000000000001,34095391344.25035
0.369,33485060990.67339
0.3700000000000001,32884602367.809734
0.371,32293903928.827248
0.3720000000000001,31712854906.554737
0.373,31141345322.521076
0.3740000000000001,30579265995.56472
0.375,30026508550.020336
0.3760000000000001,29482965423.480846
0.377,28948529874.14108
0.3780000000000001,28423095987.72199
0.379,27906558683.98163
0.3800000000000001,27398813722.81192
0.381,26899757709.927605
0.3820000000000001,26409288102.146603
0.383,25927303212.26819
0.3840000000000001,25453702213.54858
0.385,24988385143.780155
0.3860000000000001,24531252908.97443
0.387,24082207286.65488
0.3880000000000001,23641150928.75987
0.389,23207987364.162308
0.3900000000000001,22782621000.805946
0.391,22364957127.465298
0.3920000000000001,21954901915.129463
0.393,21552362418.01658
0.39400000000000013,21157246574.219646
0.395,20769463205.9906
0.39600000000000013,20388922019.663284
0.397,20015533605.222595
0.39800000000000013,19649209435.520668
0.399,19289861865.14718
0.40000000000000013,18937404128.95531
0.401,18591750340.250084
0.40200000000000014,18252815488.64125
0.403,17920515437.5674
0.40400000000000014,17594766921.49357
0.405,17275487542.789154
0.40600000000000014,16962595768.289103
0.40700000000000003,16656010925.544737
0.40800000000000014,16355653198.767473
0.40900000000000003,16061443624.472322
0.41000000000000014,15773304086.824339
0.41100000000000003,15491157312.69524
0.41200000000000014,15214926866.433176
0.41300000000000003,14944537144.353552
0.41400000000000015,14679913368.953974
0.41500000000000004,14420981582.861107
0.41600000000000015,14167668642.512918
0.41700000000000004,13919902211.584229
0.41800000000000015,13677610754.159508
0.41900000000000004,13440723527.660564
0.42000000000000015,13209170575.53356
0.42100000000000004,12982882719.703033
0.42200000000000015,12761791552.79785
0.42300000000000004,12545829430.156647
0.42400000000000015,12334929461.617847
0.42500000000000004,12129025503.102272
0.42600000000000016,11928052147.99354
0.42700000000000005,11731944718.324368
0.42800000000000016,11540639255.774042
0.42900000000000005,11354072512.485651
0.43000000000000016,11172181941.708485
0.43100000000000005,10994905688.27414
0.43200000000000016,10822182578.91207
0.43300000000000005,10653952112.41325
0.43400000000000016,10490154449.648079
0.43500000000000005,10330730403.44707
0.43600000000000017,10175621428.350624
0.43700000000000006,10024769610.23682
0.43800000000000017,9878117655.833668
0.43900000000000006,9735608882.124605
0.44000000000000017,9597187205.654089
0.44100000000000006,9462797131.742163
0.44200000000000017,9332383743.61505
0.44300000000000006,9205892691.460636
0.4440000000000002,9083270181.41601
0.44500000000000006,8964462964.496216
0.4460000000000002,8849418325.47147
0.44700000000000006,8738084071.701902
0.4480000000000002,8630408521.93736
0.44900000000000007,8526340495.091325
0.4500000000000002,8425829298.996705
0.45100000000000007,8328824719.152466
0.4520000000000002,8235277007.468887
0.45300000000000007,8145136871.020674
0.4540000000000002,8058355460.81563
0.45500000000000007,7974884360.588137
0.4560000000000002,7894675575.625139
0.4570000000000001,7817681521.633945
0.4580000000000002,7743855013.659687
0.4590000000000001,7673149255.061455
0.4600000000000002,7605517826.555094
0.4610000000000001,7540914675.331612
0.4620000000000002,7479294104.259198
0.4630000000000001,7420610761.177708
0.4640000000000002,7364819628.293432
0.4650000000000001,7311876011.683036
0.46599999999999997,7261735530.91452
0.4670000000000001,7214354108.793613
0.46799999999999997,7169687961.243777
0.4690000000000001,7127693587.327609
0.47,7088327759.4180765
0.4710000000000001,7051547513.5271015
0.472,7017310139.799574
0.4730000000000001,6985573173.18028
0.474,6956294384.261594
0.4750000000000001,6929431770.319207
0.476,6904943546.543439
0.4770000000000001,6882788137.4732
0.478,6862924168.639843
0.4790000000000001,6845310458.427809
0.48,6829906010.158865
0.4810000000000001,6816670004.406544
0.482,6805561791.547355
0.4830000000000001,6796540884.554981
0.484,6789566952.043648
0.4850000000000001,6784599811.566513
0.486,6781599423.17491
0.4870000000000001,6780525883.243925
0.488,6781339418.569641
0.4890000000000001,6784000380.743134
0.49,6788469240.806145
0.4910000000000001,6794706584.193065
0.492,6802673105.963638
0.4930000000000001,6812329606.330557
0.494,6823636986.485878
0.4950000000000001,6836556244.72995
0.496,6851048472.906225
0.4970000000000001,6867074853.145115
0.498,6884596654.919717
0.4990000000000001,6903575232.416128
0.5,6923972022.220474
0.5010000000000001,6945748541.32482
0.502,6968866385.453619
0.5030000000000001,6993287227.712185
0.504,7018972817.558241
0.5050000000000001,7045884980.0975
0.506,7073985615.703623
0.5070000000000001,7103236699.963005
0.508,7133600283.944033
0.5090000000000001,7165038494.790616
0.51,7197513536.639078
0.5110000000000001,7230987691.857558
0.512,7265423322.606297
0.5130000000000001,7300782872.717379
0.514,7337028869.891663
0.5150000000000001,7374123928.210798
0.516,7412030750.961404
0.5170000000000001,7450712133.768696
0.518,7490130968.035963
0.5190000000000001,7530250244.686557
0.52,7571033058.204139
0.5210000000000001,7612442610.96719
0.522,7654442217.872931
0.5230000000000001,7696995311.246024
0.524,7740065446.026546
0.5250000000000001,7783616305.2319975
0.526,7827611705.687248
0.5270000000000001,7872015604.016563
0.528,7916792102.890999
0.5290000000000001,7961905457.52476
0.53,8007320082.413193
0.5310000000000001,8053000558.305475
0.532,8098911639.404119
0.5330000000000001,8145018260.783758
0.534,8191285546.020874
0.5350000000000001,8237678815.026391
0.536,8284163592.072275
0.5370000000000001,8330705614.00361
0.538,8377270838.626794
0.5390000000000001,8423825453.264907
0.54,8470335883.470428
0.5410000000000001,8516768801.885949
0.542,8563091137.242659
0.5430000000000001,8609270083.486885
0.544,8655273109.024088
0.5450000000000002,8701067966.070246
0.546,8746622700.099733
0.5470000000000002,8791905659.379343
0.548,8836885504.57722
0.5490000000000002,8881531218.43618
0.55,8925812115.499895
0.5510000000000002,8969697851.881235
0.552,9013158435.061098
0.5530000000000002,9056164233.706762
0.554,9098685987.498072
0.5550000000000002,9140694816.950317
0.556,9182162233.222044
0.5570000000000002,9223060147.89659
0.558,9263360882.725555
0.5590000000000002,9303037179.32304
0.56,9342062208.798779
0.5610000000000002,9380409581.31909
0.562,9418053355.583902
0.5630000000000002,9454968048.208792
0.5640000000000001,9491128643.000422
0.5650000000000002,9526510600.114462
0.5660000000000001,9561089865.084633
0.5670000000000002,9594842877.712029
0.5680000000000001,9627746580.803661
0.5690000000000002,9659778428.749607
0.5700000000000001,9690916395.927973
0.5710000000000002,9721138984.92738
0.5720000000000001,9750425234.576466
0.5730000000000002,9778754727.770483
0.5740000000000001,9806107599.084867
0.5750000000000002,9832464542.166203
0.5760000000000001,9857806816.890957
0.5770000000000002,9882116256.282782
0.5780000000000001,9905375273.179224
0.5790000000000002,9927566866.639175
0.5800000000000001,9948674628.082375
0.5810000000000002,9968682747.152802
0.5820000000000001,9987576017.297848
0.5830000000000002,10005339841.055689
0.5840000000000001,10021960235.043283
0.5850000000000002,10037423834.638044
0.5860000000000001,10051717898.346233
0.5870000000000002,10064830311.851757
0.5880000000000001,10076749591.739065
0.5890000000000002,10087464888.884495
0.5900000000000001,10096965991.510439
0.5910000000000002,10105243327.897392
0.5920000000000001,10112287968.748957
0.593,10118091629.205524
0.5940000000000001,10122646670.502567
0.595,10125946101.269855
0.5960000000000001,10127983578.468378
0.597,10128753407.961996
0.5980000000000001,10128250544.721376
0.599,10126470592.658022
0.6000000000000001,10123409804.08668
0.601,10119065078.814762
0.6020000000000001,10113433962.857824
0.603,10106514646.780508
0.6040000000000001,10098305963.662804
0.605,10088807386.6918
0.6060000000000001,10078019026.379566
0.607,10065941627.40814
0.6080000000000001,10052576565.10299
0.609,10037925841.53676
0.6100000000000001,10021992081.265427
0.611,10004778526.699371
0.6120000000000001,9986289033.112368
0.613,9966528063.291668
0.6140000000000001,9945500681.832907
0.615,9923212549.083841
0.6160000000000001,9899669914.741243
0.617,9874879611.105774
0.6180000000000001,9848849045.999804
0.619,9821586195.353714
0.6200000000000001,9793099595.466291
0.621,9763398334.945461
0.6220000000000001,9732492046.335558
0.623,9700390897.438032
0.6240000000000001,9667105582.332415
0.625,9632647312.105001
0.6260000000000001,9597027805.29266
0.627,9560259278.049818
0.6280000000000001,9522354434.04651
0.629,9483326454.106083
0.6300000000000001,9443188985.59096
0.631,9401956131.545494
0.6320000000000001,9359642439.60478
0.633,9316262890.678915
0.6340000000000001,9271832887.421915
0.635,9226368242.495249
0.6360000000000001,9179885166.635477
0.637,9132400256.536343
0.6380000000000001,9083930482.55512
0.639,9034493176.253819
0.6400000000000001,8984106017.785326
0.641,8932787023.135365
0.6420000000000001,8880554531.230509
0.643,8827427190.92334
0.6440000000000001,8773423947.865175
0.645,8718564031.27756
0.6460000000000001,8662866940.633076
0.647,8606352432.256763
0.6480000000000001,8549040505.8587475
0.649,8490951391.009403
0.6500000000000001,8432105533.5676985
0.651,8372523582.074007
0.6520000000000001,8312226374.117975
0.653,8251234922.692735
0.6540000000000001,8189570402.545892
0.655,8127254136.538518
0.6560000000000001,8064307582.022425
0.657,8000752317.246811
0.6580000000000001,7936610027.8043375
0.659,7871902493.127563
0.6600000000000001,7806651573.045554
0.661,7740879194.411364
0.6620000000000001,7674607337.809916
0.663,7607858024.356678
0.6640000000000001,7540653302.596431
0.665,7473015235.512103
0.6660000000000001,7404965887.652655
0.667,7336527312.389672
0.6680000000000001,7267721539.311182
0.669,7198570561.762015
0.6700000000000002,7129096324.5388
0.671,7059320711.748457
0.6720000000000002,6989265534.83784
0.673,6918952520.802949
0.6740000000000002,6848403300.584882
0.675,6777639397.660431
0.6760000000000002,6706682216.83402
0.677,6635553033.238376
0.6780000000000002,6564272981.550091
0.679,6492863045.426947
0.6800000000000002,6421344047.172612
0.681,6349736637.635032
0.6820000000000002,6278061286.343569
0.683,6206338271.89065
0.6840000000000002,6134587672.562382
0.685,6062829357.223352
0.6860000000000002,5991082976.459477
0.687,5919367953.983513
0.6880000000000002,5847703478.306537
0.6890000000000001,5776108494.67941
0.6900000000000002,5704601697.306918
0.6910000000000001,5633201521.838038
0.6920000000000002,5561926138.134421
0.6930000000000001,5490793443.319947
0.6940000000000002,5419821055.112863
0.6950000000000001,5349026305.442758
0.6960000000000002,5278426234.353304
0.6970000000000001,5208037584.1924515
0.6980000000000002,5137876794.090405
0.6990000000000001,5067959994.726518
0.7000000000000002,4998303003.384877
0.7010000000000001,4928921319.299104
0.7020000000000002,4859830119.285645
0.7030000000000001,4791044253.66551
0.7040000000000002,4722578242.473198
0.7050000000000001,4654446271.952229
0.7060000000000002,4586662191.335516
0.7070000000000001,4519239509.909495
0.7080000000000002,4452191394.359714
0.7090000000000001,4385530666.396331
0.7100000000000002,4319269800.65676
0.7110000000000001,4253420922.8834167
0.7120000000000002,4187995808.37337
0.7130000000000001,4123005880.6974025
0.7140000000000002,4058462210.6848507
0.7150000000000001,3994375515.671329
0.7160000000000002,3930756159.0052934
0.7170000000000001,3867614149.810148
0.7180000000000002,3804959142.9975085
0.7190000000000001,3742800439.527937
0.72,3681146986.914434
0.7210000000000001,3620007379.9645786
0.722,3559389861.756584
0.7230000000000001,3499302324.8443604
0.724,3439752312.687048
0.7250000000000001,3380747021.29756
0.726,3322293301.105435
0.7270000000000001,3264397659.028292
0.728,3207066260.74694
0.7290000000000001,3150304933.1782503
0.73,3094119167.140633
0.7310000000000001,3038514120.206048
0.732,2983494619.7332397
0.7330000000000001,2929065166.0759697
0.734,2875229935.960796
0.7350000000000001,2821992786.028063
0.736,2769357256.530553
0.7370000000000001,2717326575.183371
0.738,2665903661.1594143
0.7390000000000001,2615091129.2239933
0.74,2564891294.00287
0.7410000000000001,2515306174.3772507
0.742,2466337497.9999967
0.7430000000000001,2417986705.926592
0.744,2370254957.3551135
0.7450000000000001,2323143134.4688025
0.746,2276651847.3754888
0.7470000000000001,2230781439.1375318
0.748,2185531990.8865924
0.7490000000000001,2140903327.0169525
0.75,2096895020.4518075
0.7510000000000001,2053506397.9763367
0.752,2010736545.632065
0.7530000000000001,1968584314.1664631
0.754,1927048324.532418
0.7550000000000001,1886126973.4316514
0.756,1845818438.8968701
0.7570000000000001,1806120685.9068966
0.758,1767031472.0297005
0.7590000000000001,1728548353.0877724
0.76,1690668688.8409383
0.7610000000000001,1653389648.6812408
0.762,1616708217.3351803
0.7630000000000001,1580621200.5681589
0.764,1545125230.8866036
0.7650000000000001,1510216773.2328544
0.766,1475892130.6684968
0.7670000000000001,1442147450.0414462
0.768,1408978727.632711
0.7690000000000001,1376381814.778376
0.77,1344352423.4629445
0.7710000000000001,1312886131.8798573
0.772,1281978389.9555576
0.7730000000000001,1251624524.8331614
0.774,1221819746.3123639
0.7750000000000001,1192559152.2419043
0.776,1163837733.8614452
0.7770000000000001,1135650381.0894709
0.778,1107991887.7543166
0.7790000000000001,1080856956.7651718
0.78,1054240205.2204465
0.7810000000000001,1028136169.4506062
0.782,1002539309.9931002
0.7830000000000001,977444016.4967657
0.784,952844612.5535878
0.7850000000000001,928735360.455444
0.786,905110465.8739735
0.7870000000000001,881964082.4614598
0.788,859290316.3710998
0.7890000000000001,837083230.6948141
0.79,815336849.8172075
0.7910000000000001,794045163.6840787
0.792,773202131.9843273
0.7930000000000001,752801688.243906
0.794,732837743.8308785
0.7950000000000002,713304191.8704761
0.796,694194911.0694401
0.7970000000000002,675503769.4487543
0.798,657224627.9842788
0.7990000000000002,639351344.1546118
0.8,621877775.3958814
0.8009999999999999,604797782.4630191
0.8020000000000003,588105232.6973778
0.8030000000000002,571794003.2005434
0.804,555857983.9142175
0.8049999999999999,540291080.6063626
0.8060000000000003,525087217.76363885
0.8070000000000002,510240341.39043814
0.808,495744421.714724
0.8089999999999999,481593455.8011983
0.8100000000000003,467781470.07216233
0.8110000000000002,454302522.7366883
0.812,441150706.12862635
0.813,428320148.9542514
0.8140000000000003,415805018.4502105
0.8150000000000002,403599522.4526567
0.8160000000000001,391697911.37836236
0.817,380094480.1188595
0.8180000000000003,368783569.8485172
0.8190000000000002,357759569.7476634
0.8200000000000001,347016918.64177173
0.821,336550106.5579607
0.8220000000000003,326353676.1999161
0.8230000000000002,316422224.3425264
0.8240000000000001,306750403.14743745
0.825,297332921.40092343
0.8260000000000003,288164545.6753508
0.8270000000000002,279240101.41566426
0.8280000000000001,270554473.95223737
0.829,262102609.4416052
0.8300000000000003,253879515.7364734
0.8310000000000002,245880263.18653265
0.8320000000000001,238099985.37152225
0.833,230533879.7681375
0.8340000000000003,223177208.35225713
0.8350000000000002,216025298.13808298
0.8360000000000001,209073541.65569994
0.837,202317397.3686911
0.8380000000000003,195752390.0333348
0.8390000000000002,189374111.00100192
0.8400000000000001,183178218.4652924
0.841,177160437.65555885
0.8420000000000003,171316560.978356
0.8430000000000002,165642448.10843447
0.8440000000000001,160134026.03082168
0.845,154787289.0356132
0.8460000000000003,149598298.66700736
0.8470000000000002,144563183.6281727
0.8480000000000001,139678139.64345902
0.849,134939429.27954543
0.8499999999999999,130343381.72701249
0.8510000000000002,125886392.54386815
0.8520000000000001,121564923.36253498
0.853,117375501.56175378
0.8539999999999999,113314719.90490903
0.8550000000000002,109379236.14619158
0.8560000000000001,105565772.60605349
0.857,101871115.71733215
0.8579999999999999,98292115.54347104
0.8590000000000002,94825685.27017307
0.8600000000000001,91468800.67185271
0.861,88218499.5541825
0.8619999999999999,85071881.17406303
0.8630000000000002,82026105.6382664
0.8640000000000001,79078393.28201674
0.865,76226024.02871269
0.8659999999999999,73466336.73201452
0.8670000000000002,70796728.50144683
0.8680000000000001,68214654.01267745
0.869,65717624.803572215
0.8699999999999999,63303208.55714017
0.8710000000000002,60969028.37241604
0.8720000000000001,58712762.02432885
0.873,56532141.21355059
0.8739999999999999,54424950.80732771
0.8750000000000002,52389028.07223259
0.8760000000000001,50422261.89977352
0.877,48522592.02574862
0.8779999999999999,46688008.24423161
0.8790000000000002,44916549.61702049
0.8800000000000001,43206303.67937474
0.881,41555405.64281838
0.8819999999999999,39962037.59578669
0.8830000000000002,38424427.70283898
0.8840000000000001,36940849.40315541
0.885,35509620.60898861
0.8859999999999999,34129102.90474044
0.8870000000000002,32797700.747282684
0.8880000000000001,31513860.66813409
0.889,30276070.478064053
0.8899999999999999,29082858.474688917
0.8910000000000002,27932792.65358172
0.8920000000000001,26824479.923407897
0.893,25756565.325561196
0.8939999999999999,24727731.25876848
0.8950000000000002,23736696.70909157
0.8960000000000001,22782216.4857455
0.897,21863080.463117145
0.8979999999999999,20978112.82936363
0.8990000000000002,20126171.34193178
0.9000000000000001,19306146.590332143
0.901,18516961.26646935
0.9019999999999999,17757569.4428248
0.9030000000000002,17026955.858754814
0.9040000000000001,16324135.215159083
0.905,15648151.477746153
0.9059999999999999,14998077.189117348
0.9070000000000003,14373012.789860917
0.9080000000000001,13772085.948840927
0.909,13194450.902840402
0.9099999999999999,12639287.805713322
0.9110000000000003,12105802.087174097
0.9120000000000001,11593223.821346214
0.913,11100807.105170961
0.9139999999999999,10627829.446770977
0.9150000000000003,10173591.163842691
0.9160000000000001,9737414.792144326
0.917,9318644.50412864
0.9179999999999999,8916645.537764527
0.9190000000000003,8530803.635573126
0.9200000000000002,8160524.4938987205
0.921,7805233.2224187935
0.9219999999999999,7464373.813894337
0.9230000000000003,7137408.624145099
0.9240000000000002,6823817.862230455
0.925,6523099.090803195
0.9259999999999999,6234766.73660057
0.9270000000000003,5958351.611023877
0.9280000000000002,5693400.440753956
0.929,5439475.4083396485
0.9299999999999999,5196153.702693464
0.9310000000000003,4963027.0794183
0.9320000000000002,4739701.4308861485
0.933,4525796.365980947
0.9339999999999999,4320944.799416388
0.9350000000000003,4124792.5505306195
0.9360000000000002,3936997.9514578464
0.937,3757231.4645701963
0.938,3585175.309082077
0.9390000000000003,3420523.0967025314
0.9400000000000002,3262979.47622
0.9410000000000001,3112259.7868985888
0.942,2968089.7205646974
0.9430000000000003,2830204.9922576165
0.9440000000000002,2698351.019317388
0.9450000000000001,2572282.608779226
0.946,2451763.6529441793
0.9470000000000003,2336566.8329919153
0.9480000000000002,2226473.330501645
0.9490000000000001,2121272.5467445925
0.95,2020761.8296122197
0.9510000000000003,1924746.2080416903
0.9520000000000002,1833038.1338010381
0.9530000000000001,1745457.2304945108
0.954,1661830.0496501005
0.9550000000000003,1581989.8337494547
0.9560000000000002,1505776.286061658
0.9570000000000001,1433035.3471414552
0.958,1363618.9778542065
0.9590000000000003,1297384.948788941
0.9600000000000002,1234196.6359225423
0.9610000000000001,1173922.8223978581
0.962,1116437.506280505
0.9630000000000003,1061619.714158948
0.9640000000000002,1009353.3204543409
0.9650000000000001,959526.8723069344
0.966,912033.4199080747
0.9670000000000003,866770.3521471496
0.9680000000000002,823639.2374449148
0.9690000000000001,782545.6696455212
0.97,743399.1188417426
0.9710000000000003,706112.7870088165
0.9720000000000002,670603.4683244755
0.9730000000000001,636791.4140539239
0.974,604600.2018808656
0.9750000000000003,573956.6095668781
0.9760000000000002,544790.492823653
0.9770000000000001,517034.66728410375
0.978,490624.7944606936
0.9789999999999999,465499.27158077067
0.9800000000000002,441599.12519087887
0.9810000000000001,418867.90842396667
0.982,397251.6018251476
0.9829999999999999,376698.5176340118
0.9840000000000002,357159.20742308325
0.9850000000000001,338586.37299431703
0.986,320934.78043722385
0.9869999999999999,304161.1772545558
0.9880000000000002,288224.21246313944
0.9890000000000001,273084.3595796799
0.99,258703.84240312024
0.9909999999999999,245046.56350737863
0.9920000000000002,232078.03535999215
0.9930000000000001,219765.31398433747
0.994,208076.93508486258
0.9949999999999999,196982.85255690425
0.9960000000000002,186454.3793043554
0.9970000000000001,176464.13029049177
0.998,166985.96774900405
0.9989999999999999,157994.94848428285
1.0000000000000002,149467.27319167712
1.0010000000000001,141380.2377303636
1.002,133712.18628313584
1.003,126442.46633931257
1.0040000000000002,119551.38543855179
1.0050000000000001,113020.16961516794
1.006,106830.92348412605
1.007,100966.59191164945
1.0080000000000002,95410.92321488401
1.0090000000000001,90148.43383673704
1.01,85164.37444349495
1.011,80444.69739444584
1.0120000000000002,75976.02553415157
1.0130000000000001,71745.62225954609
1.014,67741.36281542924
1.015,63951.70677340564
1.0160000000000002,60365.67165063407
1.0170000000000001,56972.807626155765
1.018,53763.17331385184
1.019,50727.31255242808
1.0200000000000002,47856.232174032164
1.0210000000000001,45141.38071438874
1.022,42574.628028501735
1.023,40148.24577719778
1.0240000000000002,37854.888750883016
1.0250000000000001,35687.57699804094
1.026,33639.67872705531
1.027,31704.8939510419
1.0280000000000002,29877.238846369437
1.0290000000000001,28151.030796582556
1.03,26520.874094395356
1.031,24981.646275403626
1.0320000000000003,23528.485058062095
1.0330000000000001,22156.775865392363
1.034,20862.139904743068
1.035,19640.422782794998
1.0360000000000003,18487.683633804794
1.0370000000000001,17400.18473989794
1.038,16374.381622981313
1.039,15406.913588617797
1.0400000000000003,14494.594702914867
1.0410000000000001,13634.40518420039
1.042,12823.483191931799
1.043,12059.116995962026
1.0440000000000003,11338.737509913846
1.0450000000000002,10659.911173046305
1.046,10020.33316558925
1.047,9417.820943114753
1.0480000000000003,8850.308076065787
1.0490000000000002,8315.838381114805
1.05,7812.560331542685
1.051,7338.721734345929
1.0520000000000003,6892.664662260713
1.0530000000000002,6472.820629373322
1.054,6077.705999437004
1.055,5705.917616464198
1.0560000000000003,5356.128647580829
1.0570000000000002,5027.084628545427
1.058,4717.59970272684
1.059,4426.553044720881
1.0600000000000003,4152.885460148745
1.0610000000000002,3895.596153537599
1.062,3653.73965652145
1.063,3426.4229089328664
1.0640000000000003,3212.8024856678167
1.0650000000000002,3012.0819625129307
1.066,2823.5094144145733
1.067,2646.3750399533774
1.0680000000000003,2480.008906055371
1.0690000000000002,2323.7788072331055
1.07,2177.0882338979686
1.071,2039.3744445276247
1.0720000000000003,1910.1066367003255
1.0730000000000002,1788.7842122314382
1.074,1674.9351318581766
1.075,1568.1143551247837
1.0760000000000003,1467.90236131405
1.0770000000000002,1373.9037474603808
1.078,1285.7458996584337
1.079,1203.077734055634
1.0800000000000003,1125.5685040808291
1.0810000000000002,1052.9066706211622
1.082,984.7988320102758
1.083,920.9687108376462
1.0840000000000003,861.1561947273408
1.0850000000000002,805.1164283685198
1.086,752.6189542073985
1.087,703.4468993332507
1.0880000000000003,657.3962062074298
1.0890000000000002,614.274904996659
1.09,573.9024253786087
1.091,536.1089457904162
1.0920000000000003,500.7347781883264
1.0930000000000002,467.62978648019293
1.094,436.65283688172536
1.095,407.6712785330841
1.0960000000000003,380.56045279327356
1.0970000000000002,355.20322970808496
1.098,331.4895702210772
1.099,309.3161127684646
1.1000000000000003,288.5857829658279
1.1010000000000002,269.2074251594707
1.102,251.09545467631852
1.103,234.16952966533785
1.1040000000000003,218.35424147889086
1.1050000000000002,203.5788225960407
1.106,189.77687114027052
1.107,176.88609109273597
1.1079999999999999,164.84804734794443
1.1090000000000002,153.60793480271246
1.11,143.1143607110378
1.111,133.31913957706576
1.1119999999999999,124.17709989639843
1.1130000000000002,115.64590209169066
1.114,107.68586702289903
1.115,100.2598144848978
1.1159999999999999,93.33291113630744
1.1170000000000002,86.87252733258919
1.118,80.8481023645541
1.119,75.23101762986802
1.1199999999999999,69.99447729046712
1.1210000000000002,65.11339599267438
1.122,60.56429324959369
1.123,56.325194106934916
1.1239999999999999,52.375535733961755
1.1250000000000002,48.69607960066761
1.1260000000000001,45.26882892076962
1.127,42.07695105760186
1.128,39.10470460662382
1.1290000000000002,36.337370883982196
1.1300000000000001,33.761189565505724
1.131,31.363298234646116
1.132,29.131675611325775
1.1330000000000002,27.055088246306912
1.1340000000000001,25.123040477775703
1.135,23.325727458193892
1.136,21.653991070304173
1.1370000000000002,20.099278561350186
1.1380000000000001,18.653603734278285
1.139,17.309510543805487
1.14,16.060038953931926
1.1410000000000002,14.898692921632938
1.1420000000000001,13.819410379236498
1.143,12.816535095294824
1.144,11.884790300703314
1.1450000000000002,11.019253973348627
1.1460000000000001,10.215335680760147
1.147,9.468754886076953
1.148,8.775520628170112
1.1490000000000002,8.13191249196529
1.1500000000000001,7.534462789937937
1.151,6.979939880397236
1.152,6.465332552566936
1.1530000000000002,5.987835412605745
1.1540000000000001,5.544835208619303
1.155,5.1338980363971345
1.156,4.752757371090149
1.1570000000000003,4.3993028733130055
1.1580000000000001,4.071569921253543
1.159,3.767729823276817
1.16,3.4860806682644503
1.1610000000000003,3.2250387735090356
1.1620000000000001,2.9831306924262795
1.163,2.7589857466375003
1.164,2.5513290491429097
1.1650000000000003,2.358974987335594
1.1660000000000001,2.180821136526598
1.167,2.0158425764513646
1.168,1.8630865849285363
1.1690000000000003,1.7216676844358054
1.1700000000000002,1.5907630188712536
1.171,1.4696080391802262
1.172,1.3574924778574455
1.1730000000000003,1.2537565935818091
1.1740000000000002,1.1577876684158537
1.175,1.0690167411046658
1.176,0.9869155610466722
1.1770000000000003,0.9109937484815812
1.1780000000000002,0.840796147356308
1.179,0.7759003581881774
1.18,0.7159144390524158
1.1810000000000003,0.660474763576888
1.1820000000000002,0.609244025539062
1.183,0.5619093803260162
1.184,0.5181807141454144
1.1850000000000003,0.47778903246128607
1.1860000000000002,0.44048495967998
1.187,0.4060373426272574
1.188,0.37423195084246874
1.1890000000000003,0.3448702671687415
1.1900000000000002,0.3177683625441404
1.191,0.29275584929672815
1.192,0.26967490762047247
1.1930000000000003,0.24837938025829776
1.1940000000000002,0.22873393074637993
1.195,0.21061326088046897
1.196,0.1939013833523673
1.1970000000000003,0.17849094577336594
1.1980000000000002,0.1642826025531465
1.199,0.15118443133800685
1.2,0.13911139093266456
